Symbol,Date,Open,High,Low,Close,Volume
AEDAUD,11-Jan-2018,0.347,0.347,0.3448,0.3448,0
AEDCAD,11-Jan-2018,0.3415,0.3419,0.3408,0.3408,0
AEDCHF,11-Jan-2018,0.2663,0.2665,0.2656,0.2656,0
AEDDKK,11-Jan-2018,1.6955,1.6967,1.6838,1.6838,0
AEDEUR,11-Jan-2018,0.2277,0.2278,0.2261,0.2261,0
AEDGBP,11-Jan-2018,0.2015,0.2019,0.201,0.201,0
AEDINR,11-Jan-2018,17.326,17.344,17.326,17.334,0
AEDJPY,11-Jan-2018,30.32,30.371,30.281,30.281,0
AEDNOK,11-Jan-2018,2.1964,2.1964,2.18,2.18,0
AEDNZD,11-Jan-2018,0.3779,0.378,0.3745,0.3745,0
AEDPKR,11-Jan-2018,30.133,30.14,30.116,30.116,0
AEDSAR,11-Jan-2018,1.0204,1.0207,1.0198,1.0201,0
AEDSEK,11-Jan-2018,2.2305,2.2305,2.2123,2.2126,0
AEDUSD,11-Jan-2018,0.2722,0.2722,0.2722,0.2722,0
AEDZAR,11-Jan-2018,3.3824,3.4018,3.3639,3.3709,0
ALLGBP,11-Jan-2018,0.0065,0.0065,0.0065,0.0065,0
ARSAUD,11-Jan-2018,0.0684,0.0684,0.0677,0.0677,0
ARSBRL,11-Jan-2018,0.1732,0.1737,0.1717,0.1719,0
ARSCAD,11-Jan-2018,0.0673,0.0675,0.0669,0.0669,0
ARSCHF,11-Jan-2018,0.0525,0.0526,0.0522,0.0522,0
ARSEUR,11-Jan-2018,0.0449,0.0449,0.0444,0.0444,0
ARSGBP,11-Jan-2018,0.0397,0.0398,0.0395,0.0395,0
ARSHKD,11-Jan-2018,0.4197,0.421,0.4179,0.4182,0
ARSHUF,11-Jan-2018,13.869,13.894,13.691,13.705,0
ARSJPY,11-Jan-2018,5.977,5.999,5.939,5.947,0
ARSMXN,11-Jan-2018,1.0342,1.0414,1.028,1.028,0
ARSSGD,11-Jan-2018,0.0716,0.0716,0.0711,0.0711,0
ARSUSD,11-Jan-2018,0.0537,0.0538,0.0535,0.0535,0
ARSZAR,11-Jan-2018,0.667,0.6709,0.6622,0.6622,0
AUDAED,11-Jan-2018,2.89,2.9,2.89,2.9,0
AUDARS,11-Jan-2018,14.6193,14.7645,14.6178,14.7489,0
AUDBRL,11-Jan-2018,2.5296,2.5435,2.5296,2.5341,0
AUDCAD,11-Jan-2018,0.9842,0.9905,0.9842,0.9874,0
AUDCHF,11-Jan-2018,0.7667,0.7729,0.7665,0.7693,0
AUDCNH,11-Jan-2018,5.116,5.1435,5.1134,5.1175,0
AUDCNY,11-Jan-2018,5.0993,5.1267,5.0992,5.1151,0
AUDCZK,11-Jan-2018,16.744,16.847,16.664,16.683,0
AUDDKK,11-Jan-2018,4.8837,4.913,4.8631,4.8759,0
AUDEUR,11-Jan-2018,0.6558,0.6598,0.6531,0.6548,0
AUDFJD,11-Jan-2018,1.5876,1.5979,1.5876,1.5882,0
AUDGBP,11-Jan-2018,0.5807,0.5848,0.5806,0.5823,0
AUDHKD,11-Jan-2018,6.1335,6.1759,6.1335,6.1686,0
AUDHUF,11-Jan-2018,202.65,203.89,201.84,201.97,0
AUDIDR,11-Jan-2018,10435,10580.9,10321.3,10341,0
AUDILS,11-Jan-2018,2.6865,2.6982,2.6856,2.695,0
AUDINR,11-Jan-2018,49.869,50.233,49.845,50.178,0
AUDJPY,11-Jan-2018,87.383,88.085,87.383,87.805,0
AUDKRW,11-Jan-2018,839.02,843.8,836.87,840.03,0
AUDMXN,11-Jan-2018,15.1226,15.2984,15.1226,15.1462,0
AUDMYR,11-Jan-2018,3.1381,3.1486,3.1329,3.1362,0
AUDNOK,11-Jan-2018,6.329,6.3614,6.31,6.3127,0
AUDNZD,11-Jan-2018,1.0884,1.0955,1.0851,1.0855,0
AUDPHP,11-Jan-2018,39.541,39.644,39.514,39.638,0
AUDPKR,11-Jan-2018,86.668,87.078,86.668,87.051,0
AUDPLN,11-Jan-2018,2.7389,2.7539,2.7255,2.7277,0
AUDSEK,11-Jan-2018,6.4243,6.4565,6.3993,6.4109,0
AUDSGD,11-Jan-2018,1.0462,1.0514,1.0448,1.0481,0
AUDTHB,11-Jan-2018,25.174,25.27,25.154,25.21,0
AUDTRY,11-Jan-2018,2.9777,2.9957,2.973,2.9749,0
AUDTWD,11-Jan-2018,22.636,22.636,22.54,22.54,0
AUDUSD,11-Jan-2018,0.7842,0.7896,0.7842,0.7885,0
AUDZAR,11-Jan-2018,9.7482,9.8365,9.7482,9.7714,0
AWGUSD,11-Jan-2018,0.5557,0.5557,0.5554,0.5554,0
BDTGBP,11-Jan-2018,0.0087,0.0088,0.0087,0.0088,0
BDTJPY,11-Jan-2018,1.3143,1.3242,1.3143,1.3242,0
BGNCNY,11-Jan-2018,3.973,4.0021,3.9699,3.9891,0
BGNDKK,11-Jan-2018,3.7927,3.8005,3.7927,3.7929,0
BGNPLN,11-Jan-2018,2.1343,2.1353,2.1296,2.1299,0
BGNUSD,11-Jan-2018,0.6086,0.6149,0.6086,0.6129,0
BHDEUR,11-Jan-2018,2.205,2.2058,2.1909,2.191,0
BHDPKR,11-Jan-2018,294.47,295.36,293.51,293.51,0
BHDUSD,11-Jan-2018,2.6351,2.6372,2.6348,2.6367,0
BNDGBP,11-Jan-2018,0.5448,0.5571,0.5448,0.5497,0
BRLARS,11-Jan-2018,5.7721,5.8207,5.7469,5.8155,0
BRLAUD,11-Jan-2018,0.3945,0.3949,0.3923,0.394,0
BRLCAD,11-Jan-2018,0.3882,0.3891,0.3878,0.389,0
BRLCHF,11-Jan-2018,0.3028,0.3038,0.3012,0.3035,0
BRLEUR,11-Jan-2018,0.2589,0.2593,0.2566,0.2581,0
BRLHKD,11-Jan-2018,2.4206,2.4305,2.4156,2.4303,0
BRLJPY,11-Jan-2018,34.511,34.636,34.459,34.605,0
BRLKRW,11-Jan-2018,331.448,332.385,329.268,331.275,0
BRLMXN,11-Jan-2018,5.9733,6.0078,5.9638,5.9737,0
BRLRUB,11-Jan-2018,17.656,17.656,17.528,17.552,0
BRLSEK,11-Jan-2018,2.537,2.537,2.5185,2.5259,0
BRLSGD,11-Jan-2018,0.4129,0.413,0.4113,0.413,0
BRLUSD,11-Jan-2018,0.3096,0.311,0.3088,0.3108,0
BRLZAR,11-Jan-2018,3.8464,3.8564,3.8439,3.8476,0
BWPCHF,11-Jan-2018,0.0972,0.0982,0.0972,0.0982,0
BWPEUR,11-Jan-2018,0.0831,0.0836,0.0831,0.0836,0
BWPGBP,11-Jan-2018,0.0735,0.0743,0.0735,0.0743,0
BWPUSD,11-Jan-2018,0.0993,0.1006,0.0993,0.1006,0
BWPZAR,11-Jan-2018,1.2517,1.2715,1.2482,1.2626,0
CADAED,11-Jan-2018,2.9304,2.9345,2.9172,2.9314,0
CADARS,11-Jan-2018,14.8645,14.9364,14.8097,14.9288,0
CADAUD,11-Jan-2018,1.0167,1.0167,1.0094,1.0126,0
CADBRL,11-Jan-2018,2.5711,2.5738,2.5642,2.5653,0
CADCHF,11-Jan-2018,0.78,0.7816,0.7755,0.779,0
CADCNH,11-Jan-2018,5.222,5.222,5.186,5.186,0
CADCNY,11-Jan-2018,5.1852,5.1882,5.163,5.1779,0
CADDKK,11-Jan-2018,4.9693,4.9693,4.9219,4.9374,0
CADEUR,11-Jan-2018,0.6673,0.6673,0.6609,0.663,0
CADGBP,11-Jan-2018,0.5904,0.5909,0.5881,0.5894,0
CADHKD,11-Jan-2018,6.2402,6.2494,6.2147,6.2438,0
CADIDR,11-Jan-2018,10615.1,10708.1,10446.7,10471.3,0
CADILS,11-Jan-2018,2.732,2.732,2.7196,2.7277,0
CADINR,11-Jan-2018,50.719,50.823,50.57,50.791,0
CADISK,11-Jan-2018,83.5348,83.5348,82.6399,82.8738,0
CADJPY,11-Jan-2018,88.908,89.125,88.554,88.886,0
CADKRW,11-Jan-2018,853.18,853.94,847.49,850.27,0
CADKWD,11-Jan-2018,0.2402,0.2406,0.239,0.2405,0
CADMXN,11-Jan-2018,15.377,15.49,15.336,15.336,0
CADMYR,11-Jan-2018,3.1924,3.1924,3.1675,3.1744,0
CADNOK,11-Jan-2018,6.4371,6.4371,6.3842,6.3921,0
CADNZD,11-Jan-2018,1.1071,1.1088,1.0974,1.0982,0
CADPKR,11-Jan-2018,88.741,88.741,88.076,88.089,0
CADPLN,11-Jan-2018,2.7849,2.7867,2.7577,2.7617,0
CADRUB,11-Jan-2018,45.51,45.51,45.037,45.137,0
CADSEK,11-Jan-2018,6.537,6.537,6.4756,6.4847,0
CADSGD,11-Jan-2018,1.064,1.064,1.0583,1.061,0
CADTHB,11-Jan-2018,25.61,25.61,25.433,25.515,0
CADTRY,11-Jan-2018,3.03,3.03,3.004,3.0121,0
CADTWD,11-Jan-2018,22.999,22.999,22.8,22.8,0
CADUSD,11-Jan-2018,0.7978,0.7989,0.7943,0.7982,0
CADZAR,11-Jan-2018,9.9177,9.9498,9.8576,9.8837,0
CDFUSD,11-Jan-2018,0.0006,0.0006,0.0006,0.0006,0
CHFAED,11-Jan-2018,3.7535,3.7633,3.7507,3.7633,0
CHFARS,11-Jan-2018,19.0567,19.1679,18.9931,19.1593,0
CHFAUD,11-Jan-2018,1.3031,1.3042,1.2935,1.2995,0
CHFBRL,11-Jan-2018,3.2968,3.3128,3.2894,3.2904,0
CHFBWP,11-Jan-2018,10.012,10.012,9.9131,9.9131,0
CHFCAD,11-Jan-2018,1.2818,1.2894,1.2792,1.2832,0
CHFCNH,11-Jan-2018,6.668,6.668,6.666,6.666,0
CHFCNY,11-Jan-2018,6.6469,6.67,6.6277,6.6449,0
CHFCZK,11-Jan-2018,21.837,21.837,21.673,21.681,0
CHFDKK,11-Jan-2018,6.3699,6.3699,6.328,6.3395,0
CHFEUR,11-Jan-2018,0.8554,0.8555,0.8505,0.8512,0
CHFGBP,11-Jan-2018,0.7568,0.759,0.7554,0.7566,0
CHFHKD,11-Jan-2018,7.9997,8.035,7.9706,8.0134,0
CHFHUF,11-Jan-2018,264.323,264.323,262.32,262.595,0
CHFIDR,11-Jan-2018,13606.4,13738.1,13444.1,13444.4,0
CHFILS,11-Jan-2018,3.5016,3.5093,3.4905,3.5013,0
CHFINR,11-Jan-2018,65.009,65.376,64.884,65.186,0
CHFISK,11-Jan-2018,106.75,106.75,106.31,106.39,0
CHFJPY,11-Jan-2018,113.952,114.495,113.779,114.066,0
CHFKRW,11-Jan-2018,1093.68,1094.17,1089.72,1091.13,0
CHFMXN,11-Jan-2018,19.711,19.936,19.639,19.682,0
CHFMYR,11-Jan-2018,4.0925,4.0989,4.0664,4.0741,0
CHFNOK,11-Jan-2018,8.2509,8.2518,8.2006,8.2063,0
CHFNZD,11-Jan-2018,1.4188,1.4224,1.4088,1.4115,0
CHFPKR,11-Jan-2018,113.743,113.746,112.533,112.597,0
CHFPLN,11-Jan-2018,3.5699,3.5728,3.5412,3.5464,0
CHFRON,11-Jan-2018,3.9629,3.9629,3.9424,3.9469,0
CHFRUB,11-Jan-2018,58.347,58.393,57.779,57.919,0
CHFSEK,11-Jan-2018,8.3788,8.3788,8.3201,8.3256,0
CHFSGD,11-Jan-2018,1.3638,1.3665,1.3592,1.3618,0
CHFSZL,11-Jan-2018,12.639,12.639,12.486,12.486,0
CHFTHB,11-Jan-2018,32.824,32.828,32.621,32.75,0
CHFTRY,11-Jan-2018,3.884,3.8943,3.8572,3.8664,0
CHFTWD,11-Jan-2018,29.497,29.497,29.26,29.26,0
CHFUSD,11-Jan-2018,1.0227,1.0274,1.0186,1.0244,0
CHFUZS,11-Jan-2018,8356.3,8356.3,8270.6,8273.2,0
CHFZAR,11-Jan-2018,12.7129,12.796,12.668,12.6832,0
CLPEUR,11-Jan-2018,0.0014,0.0014,0.0014,0.0014,0
CLPGBP,11-Jan-2018,0.0012,0.0012,0.0012,0.0012,0
CLPUSD,11-Jan-2018,0.0016,0.0017,0.0016,0.0017,0
CNHHKD,11-Jan-2018,1.1991,1.2051,1.1985,1.205,0
CNHIDR,11-Jan-2018,2060,2063,2060,2063,0
CNHINR,11-Jan-2018,9.761,9.8,9.761,9.8,0
CNHJPY,11-Jan-2018,17.0787,17.1667,17.0734,17.145,0
CNHKRW,11-Jan-2018,163.8,164,163.8,164,0
CNHPHP,11-Jan-2018,7.748,7.748,7.7476,7.7476,0
CNHTHB,11-Jan-2018,4.933,4.933,4.921,4.921,0
CNHTWD,11-Jan-2018,4.534,4.536,4.534,4.536,0
CNYAUD,11-Jan-2018,0.1958,0.1958,0.1945,0.1953,0
CNYBGN,11-Jan-2018,0.251,0.2518,0.2497,0.2499,0
CNYCAD,11-Jan-2018,0.1926,0.1934,0.1924,0.1929,0
CNYCHF,11-Jan-2018,0.1502,0.1508,0.1497,0.1503,0
CNYDKK,11-Jan-2018,0.9559,0.9582,0.9506,0.9515,0
CNYEUR,11-Jan-2018,0.1284,0.1287,0.1276,0.1278,0
CNYGBP,11-Jan-2018,0.1137,0.1142,0.1135,0.1137,0
CNYHKD,11-Jan-2018,1.2018,1.2102,1.1996,1.2043,0
CNYJPY,11-Jan-2018,17.098,17.179,17.077,17.122,0
CNYKRW,11-Jan-2018,164.32,164.56,163.52,163.97,0
CNYNZD,11-Jan-2018,0.2132,0.2136,0.2117,0.2122,0
CNYPLN,11-Jan-2018,0.5364,0.5372,0.5325,0.5331,0
CNYUSD,11-Jan-2018,0.1536,0.1547,0.1534,0.154,0
CNYZAR,11-Jan-2018,1.9085,1.9202,1.9014,1.9059,0
COPDKK,11-Jan-2018,0.0021,0.0021,0.0021,0.0021,0
COPPLN,11-Jan-2018,0.0012,0.0012,0.0012,0.0012,0
CRCGBP,11-Jan-2018,0.0013,0.0013,0.0013,0.0013,0
CYPZAR,11-Jan-2018,25.396,25.638,25.314,25.469,0
CZKCHF,11-Jan-2018,0.0457,0.0461,0.0457,0.0461,0
CZKDKK,11-Jan-2018,0.2913,0.2919,0.2911,0.2919,0
CZKEUR,11-Jan-2018,0.0391,0.0392,0.0391,0.0392,0
CZKJPY,11-Jan-2018,5.211,5.2568,5.2099,5.2531,0
CZKMXN,11-Jan-2018,0.9015,0.9149,0.8998,0.907,0
CZKNOK,11-Jan-2018,0.3774,0.3788,0.3765,0.3779,0
CZKPLN,11-Jan-2018,0.1632,0.1635,0.1631,0.1633,0
CZKSEK,11-Jan-2018,0.3834,0.3847,0.3827,0.3836,0
CZKUSD,11-Jan-2018,0.0468,0.0472,0.0466,0.0472,0
DJFGBP,11-Jan-2018,0.0041,0.0041,0.0041,0.0041,0
DKKAED,11-Jan-2018,0.5891,0.5931,0.5889,0.5931,0
DKKAUD,11-Jan-2018,0.2046,0.2056,0.2035,0.2051,0
DKKBGN,11-Jan-2018,0.2616,0.2622,0.2616,0.2616,0
DKKCAD,11-Jan-2018,0.2013,0.2031,0.2012,0.2025,0
DKKCHF,11-Jan-2018,15.695,15.784,15.659,15.776,0
DKKCNY,11-Jan-2018,1.0435,1.0515,1.0426,1.0481,0
DKKCOP,11-Jan-2018,462.35,462.35,455.95,455.95,0
DKKCZK,11-Jan-2018,3.428,3.43,3.42,3.421,0
DKKEUR,11-Jan-2018,0.1343,0.1343,0.1342,0.1343,0
DKKGBP,11-Jan-2018,0.1188,0.1197,0.1188,0.1194,0
DKKHKD,11-Jan-2018,1.2557,1.2665,1.2532,1.2651,0
DKKHUF,11-Jan-2018,41.492,41.535,41.403,41.418,0
DKKINR,11-Jan-2018,10.2293,10.31,10.2047,10.2894,0
DKKISK,11-Jan-2018,16.756,16.813,16.751,16.783,0
DKKJPY,11-Jan-2018,17.8841,18.0341,17.8837,17.9953,0
DKKMXN,11-Jan-2018,3.0947,3.1393,3.0892,3.1074,0
DKKMYR,11-Jan-2018,0.6424,0.6455,0.6391,0.6426,0
DKKNOK,11-Jan-2018,1.2952,1.3,1.2922,1.2942,0
DKKNZD,11-Jan-2018,0.2227,0.2237,0.2218,0.2227,0
DKKPHP,11-Jan-2018,8.0907,8.1377,8.0539,8.1143,0
DKKPKR,11-Jan-2018,17.764,17.931,17.725,17.759,0
DKKPLN,11-Jan-2018,0.5604,0.5611,0.5592,0.5594,0
DKKSEK,11-Jan-2018,1.3154,1.3191,1.3124,1.3133,0
DKKSGD,11-Jan-2018,0.2141,0.2153,0.2137,0.215,0
DKKTHB,11-Jan-2018,5.157,5.1796,5.1281,5.1764,0
DKKTRY,11-Jan-2018,0.6097,0.6135,0.6069,0.6101,0
DKKTWD,11-Jan-2018,4.6306,4.6306,4.6141,4.6141,0
DKKUAH,11-Jan-2018,4.5288,4.5288,4.5255,4.5255,0
DKKUSD,11-Jan-2018,0.1605,0.1619,0.1602,0.1617,0
DKKZAR,11-Jan-2018,1.9958,2.0148,1.9908,2.0004,0
DOPGBP,11-Jan-2018,0.0152,0.0154,0.0152,0.0154,0
DZDEUR,11-Jan-2018,0.0073,0.0073,0.0072,0.0072,0
DZDUSD,11-Jan-2018,0.0087,0.0087,0.0087,0.0087,0
EGPEUR,11-Jan-2018,0.0472,0.0473,0.0468,0.0469,0
EGPJPY,11-Jan-2018,6.278,6.308,6.271,6.272,0
EGPPKR,11-Jan-2018,6.255,6.255,6.247,6.247,0
EGPUSD,11-Jan-2018,0.0563,0.0564,0.0563,0.0564,0
ETBGBP,11-Jan-2018,0.0267,0.027,0.0267,0.027,0
EURAED,11-Jan-2018,4.389,4.422,4.382,4.419,0
EURAFN,11-Jan-2018,83.94,83.94,83.5,83.5,0
EURALL,11-Jan-2018,130.96,130.96,130.9,130.9,0
EURAMD,11-Jan-2018,552.28,552.28,548.07,548.07,0
EURARS,11-Jan-2018,22.2746,22.523,22.2385,22.5074,0
EURAUD,11-Jan-2018,1.5239,1.5312,1.5152,1.5271,0
EURBAM,11-Jan-2018,1.9458,1.9458,1.9458,1.9458,0
EURBBD,11-Jan-2018,2.3531,2.3531,2.3412,2.3412,0
EURBDT,11-Jan-2018,97.674,97.674,97.511,97.511,0
EURBGN,11-Jan-2018,1.9484,1.9528,1.9481,1.9485,0
EURBHD,11-Jan-2018,0.4476,0.4509,0.4472,0.4506,0
EURBIF,11-Jan-2018,2082.36,2082.36,2071.43,2071.43,0
EURBND,11-Jan-2018,1.5738,1.604,1.567,1.567,0
EURBOB,11-Jan-2018,8.126,8.126,8.053,8.053,0
EURBRL,11-Jan-2018,3.8538,3.8876,3.8509,3.8641,0
EURBSD,11-Jan-2018,1.1936,1.1936,1.1874,1.1874,0
EURBWP,11-Jan-2018,11.7093,11.7093,11.642,11.642,0
EURBZD,11-Jan-2018,2.3632,2.3632,2.3507,2.3507,0
EURCAD,11-Jan-2018,1.4998,1.5129,1.4985,1.5081,0
EURCHF,11-Jan-2018,1.169,1.1757,1.1689,1.175,0
EURCLP,11-Jan-2018,714.35,714.35,713.02,713.02,0
EURCNH,11-Jan-2018,7.7972,7.8346,7.774,7.8145,0
EURCNY,11-Jan-2018,7.7685,7.8324,7.7621,7.8073,0
EURCOP,11-Jan-2018,3443,3443,3396,3396,0
EURCRC,11-Jan-2018,666.49,666.49,662.96,662.96,0
EURCUP,11-Jan-2018,1.171,1.171,1.164,1.164,0
EURCVE,11-Jan-2018,110.27,110.27,110.27,110.27,0
EURCZK,11-Jan-2018,25.5257,25.5558,25.4753,25.4764,0
EURDJF,11-Jan-2018,207.93,207.93,206.83,206.83,0
EURDKK,11-Jan-2018,7.4465,7.4477,7.4456,7.4469,0
EURDOP,11-Jan-2018,57.38,57.38,57.078,57.078,0
EURDZD,11-Jan-2018,136.659,137.532,136.659,137.419,0
EUREGP,11-Jan-2018,21.144,21.298,21.11,21.292,0
EURETB,11-Jan-2018,32.6517,32.6517,32.4817,32.4817,0
EURFJD,11-Jan-2018,2.4211,2.4391,2.411,2.4239,0
EURGBP,11-Jan-2018,0.8849,0.8911,0.8847,0.8894,0
EURGHS,11-Jan-2018,5.4436,5.4436,5.4153,5.4153,0
EURGNF,11-Jan-2018,10744.6,10744.6,10687.9,10687.9,0
EURGTQ,11-Jan-2018,8.627,8.627,8.582,8.582,0
EURHKD,11-Jan-2018,9.3532,9.4302,9.3332,9.4218,0
EURHNL,11-Jan-2018,27.908,27.908,27.761,27.761,0
EURHRK,11-Jan-2018,7.4467,7.4611,7.4461,7.4588,0
EURHTG,11-Jan-2018,77.56,77.56,77.08,77.08,0
EURHUF,11-Jan-2018,308.979,309.388,308.352,308.442,0
EURIDR,11-Jan-2018,15901.53,15908.5,15773.76,15773.76,0
EURILS,11-Jan-2018,4.095,4.1233,4.0861,4.1026,0
EURINR,11-Jan-2018,76.0041,76.7292,75.9688,76.601,0
EURIQD,11-Jan-2018,1401.12,1401.12,1393.7,1393.7,0
EURISK,11-Jan-2018,124.787,125.191,124.761,124.988,0
EURJMD,11-Jan-2018,147.317,147.377,146.587,146.587,0
EURJOD,11-Jan-2018,0.8399,0.8468,0.8394,0.8468,0
EURJPY,11-Jan-2018,133.219,134.334,133.196,134.024,0
EURKES,11-Jan-2018,121.26,122.19,121.06,122.08,0
EURKHR,11-Jan-2018,4744.3,4744.3,4707.3,4707.3,0
EURKRW,11-Jan-2018,1277.7,1282.4,1274.5,1281.5,0
EURKWD,11-Jan-2018,0.3592,0.3621,0.3592,0.3621,0
EURKYD,11-Jan-2018,0.9805,0.9805,0.9753,0.9753,0
EURKZT,11-Jan-2018,393.68,393.68,391.35,391.35,0
EURLAK,11-Jan-2018,9740.6,9740.6,9688.2,9688.2,0
EURLBP,11-Jan-2018,1780.1,1780.1,1770.6,1770.6,0
EURLKR,11-Jan-2018,181.15,181.15,180.13,180.13,0
EURLSL,11-Jan-2018,14.7409,14.7409,14.6275,14.6275,0
EURLYD,11-Jan-2018,1.5992,1.5992,1.5931,1.5931,0
EURMAD,11-Jan-2018,10.903,10.933,10.898,10.931,0
EURMDL,11-Jan-2018,20.242,20.242,20.106,20.106,0
EURMKD,11-Jan-2018,61.089,61.22,61.089,61.174,0
EURMMK,11-Jan-2018,1598.777,1598.777,1593.365,1593.365,0
EURMOP,11-Jan-2018,9.4735,9.4735,9.4231,9.4231,0
EURMRO,11-Jan-2018,415.26,415.26,415.26,415.26,0
EURMUR,11-Jan-2018,38.66,38.88,38.6,38.85,0
EURMVR,11-Jan-2018,18.183,18.3062,18.183,18.3062,0
EURMWK,11-Jan-2018,861.519,862.403,854.509,862.403,0
EURMXN,11-Jan-2018,23.049,23.385,23.004,23.144,0
EURMYR,11-Jan-2018,4.7277,4.8004,4.6825,4.6825,0
EURNAD,11-Jan-2018,14.7409,14.7409,14.6275,14.6275,0
EURNGN,11-Jan-2018,429.8,429.8,427.6,427.6,0
EURNIO,11-Jan-2018,36.51,36.51,36.32,36.32,0
EURNOK,11-Jan-2018,9.6481,9.6835,9.624,9.6425,0
EURNPR,11-Jan-2018,120.449,120.449,119.94,119.94,0
EURNZD,11-Jan-2018,1.6589,1.6668,1.652,1.6587,0
EUROMR,11-Jan-2018,0.4587,0.4624,0.4581,0.462,0
EURPAB,11-Jan-2018,1.1756,1.1756,1.1693,1.1693,0
EURPEN,11-Jan-2018,3.7842,3.8805,3.7671,3.7671,0
EURPGK,11-Jan-2018,3.8014,3.8014,3.7813,3.7813,0
EURPHP,11-Jan-2018,60.256,60.606,59.981,60.43,0
EURPKR,11-Jan-2018,131.02,132.578,130.675,130.675,0
EURPLN,11-Jan-2018,4.1735,4.1794,4.165,4.1661,0
EURPYG,11-Jan-2018,6625.3,6625.3,6589.4,6589.4,0
EURQAR,11-Jan-2018,4.2213,4.2213,4.198,4.198,0
EURRON,11-Jan-2018,4.6364,4.6409,4.6321,4.6341,0
EURRSD,11-Jan-2018,118.643,118.707,118.589,118.596,0
EURRUB,11-Jan-2018,68.218,68.4891,67.7602,68.066,0
EURRWF,11-Jan-2018,1016.55,1016.55,1011.27,1011.27,0
EURSAR,11-Jan-2018,4.4768,4.5176,4.4723,4.5088,0
EURSCR,11-Jan-2018,15.515,15.918,15.149,15.918,0
EURSDD,11-Jan-2018,837.17,837.17,832.8,832.8,0
EURSEK,11-Jan-2018,9.7968,9.8242,9.774,9.7813,0
EURSGD,11-Jan-2018,1.5944,1.6035,1.5913,1.6009,0
EURSOS,11-Jan-2018,654.5,654.5,650.9,650.9,0
EURSTD,11-Jan-2018,24500,24500,24500,24500,0
EURSVC,11-Jan-2018,10.27,10.27,10.21,10.21,0
EURSZL,11-Jan-2018,14.776,14.776,14.6637,14.6637,0
EURTHB,11-Jan-2018,38.394,38.564,38.181,38.526,0
EURTND,11-Jan-2018,2.9439,3.0026,2.9261,2.9779,0
EURTRY,11-Jan-2018,4.5437,4.575,4.5229,4.5454,0
EURTTD,11-Jan-2018,7.9299,7.9299,7.888,7.888,0
EURTWD,11-Jan-2018,34.484,34.484,34.363,34.363,0
EURTZS,11-Jan-2018,2645.29,2700.92,2626.55,2626.55,0
EURUAH,11-Jan-2018,33.7258,33.7258,33.7039,33.7039,0
EURUGX,11-Jan-2018,4355.1,4355.1,4320.4,4320.4,0
EURUSD,11-Jan-2018,1.1959,1.2059,1.193,1.2044,0
EURUYU,11-Jan-2018,33.826,33.826,33.66,33.66,0
EURUZS,11-Jan-2018,9735.28,9735.28,9684.66,9684.66,0
EURVEF,11-Jan-2018,12.0189,12.0189,12.0131,12.0161,0
EURVND,11-Jan-2018,26864,26864,26722,26722,0
EURXAF,11-Jan-2018,655.957,655.957,655.957,655.957,0
EURXOF,11-Jan-2018,655.957,655.957,655.957,655.957,0
EURXPF,11-Jan-2018,119.26,119.26,119.26,119.26,0
EURYER,11-Jan-2018,298.96,301.48,298.43,300.92,0
EURZAR,11-Jan-2018,14.8624,15.0076,14.826,14.8985,0
FJDGBP,11-Jan-2018,0.362,0.3631,0.3612,0.363,0
FJDUSD,11-Jan-2018,0.4893,0.4918,0.4875,0.4913,0
GBPAED,11-Jan-2018,4.9603,4.9717,4.952,4.9717,0
GBPALL,11-Jan-2018,148.04,148.04,147.26,147.26,0
GBPARS,11-Jan-2018,25.1765,25.3287,25.0803,25.3203,0
GBPAUD,11-Jan-2018,1.7222,1.723,1.7098,1.7172,0
GBPBDT,11-Jan-2018,110.42,110.42,109.7,109.7,0
GBPBGN,11-Jan-2018,2.2023,2.2056,2.1914,2.1918,0
GBPBHD,11-Jan-2018,0.5059,0.5067,0.5054,0.5067,0
GBPBIF,11-Jan-2018,2354.1,2354.1,2330.3,2330.3,0
GBPBMD,11-Jan-2018,1.351,1.355,1.3465,1.354,0
GBPBND,11-Jan-2018,1.7791,1.8024,1.7629,1.7629,0
GBPBRL,11-Jan-2018,4.3591,4.3737,4.3413,4.352,0
GBPBWP,11-Jan-2018,13.237,13.237,13.095,13.095,0
GBPCAD,11-Jan-2018,1.6949,1.7,1.692,1.6962,0
GBPCHF,11-Jan-2018,1.3209,1.3237,1.3173,1.3215,0
GBPCLP,11-Jan-2018,822.72,822.82,817.13,819.15,0
GBPCNH,11-Jan-2018,8.813,8.815,8.767,8.792,0
GBPCNY,11-Jan-2018,8.78,8.803,8.747,8.781,0
GBPCOP,11-Jan-2018,3892.3,3892.3,3820.1,3820.1,0
GBPCRC,11-Jan-2018,769.35,769.36,761.73,761.73,0
GBPCZK,11-Jan-2018,28.843,28.849,28.628,28.644,0
GBPDJF,11-Jan-2018,235.07,235.07,232.67,232.67,0
GBPDKK,11-Jan-2018,8.414,8.415,8.356,8.374,0
GBPDOP,11-Jan-2018,65.773,65.775,65.115,65.115,0
GBPDZD,11-Jan-2018,154.67,154.75,154.5,154.75,0
GBPEGP,11-Jan-2018,23.9074,23.9601,23.8376,23.9484,0
GBPETB,11-Jan-2018,36.913,36.913,36.54,36.54,0
GBPEUR,11-Jan-2018,1.1297,1.13,1.122,1.1242,0
GBPFJD,11-Jan-2018,2.7353,2.7405,2.7261,2.7274,0
GBPGTQ,11-Jan-2018,9.977,9.977,9.883,9.883,0
GBPHKD,11-Jan-2018,10.569,10.603,10.529,10.595,0
GBPHNL,11-Jan-2018,32.117,32.117,31.796,31.796,0
GBPHRK,11-Jan-2018,8.4158,8.4158,8.3675,8.3908,0
GBPHTG,11-Jan-2018,88.814,88.815,87.858,87.858,0
GBPHUF,11-Jan-2018,349,349.3,346.5,346.6,0
GBPIDR,11-Jan-2018,17969,18151,17741,17741,0
GBPILS,11-Jan-2018,4.6266,4.6301,4.6027,4.6276,0
GBPINR,11-Jan-2018,86.1301,86.3289,85.672,86.2021,0
GBPIQD,11-Jan-2018,1581.8,1581.8,1567.9,1567.9,0
GBPISK,11-Jan-2018,140.94,140.97,140.94,140.97,0
GBPJMD,11-Jan-2018,166.54,166.54,164.91,164.91,0
GBPJOD,11-Jan-2018,0.9544,0.9594,0.9533,0.958,0
GBPJPY,11-Jan-2018,150.594,150.992,150.193,150.746,0
GBPKES,11-Jan-2018,137.2,139.6,136.9,137.3,0
GBPKRW,11-Jan-2018,1444.9,1446.5,1437.2,1442.1,0
GBPKWD,11-Jan-2018,0.4061,0.4073,0.4059,0.4073,0
GBPKZT,11-Jan-2018,445.04,445.04,440.26,440.26,0
GBPLBP,11-Jan-2018,2012.3,2012.3,1991.9,1991.9,0
GBPLKR,11-Jan-2018,204.51,207.26,202.64,202.64,0
GBPMAD,11-Jan-2018,12.321,12.323,12.295,12.3,0
GBPMUR,11-Jan-2018,43.696,43.742,43.626,43.703,0
GBPMVR,11-Jan-2018,20.546,20.5732,20.546,20.5732,0
GBPMWK,11-Jan-2018,974,974,964.1,970.2,0
GBPMXN,11-Jan-2018,26.051,26.282,25.985,26.005,0
GBPMYR,11-Jan-2018,5.4062,5.4062,5.3669,5.3839,0
GBPNGN,11-Jan-2018,487.05,487.68,485.46,487.45,0
GBPNIO,11-Jan-2018,41.856,42.091,41.431,41.431,0
GBPNOK,11-Jan-2018,10.8991,10.9089,10.8342,10.8388,0
GBPNZD,11-Jan-2018,1.8746,1.8796,1.8613,1.8653,0
GBPOMR,11-Jan-2018,0.5183,0.5195,0.5174,0.5195,0
GBPPEN,11-Jan-2018,4.3537,4.3662,4.3286,4.3286,0
GBPPGK,11-Jan-2018,4.2973,4.2973,4.2539,4.2539,0
GBPPHP,11-Jan-2018,68.101,68.111,67.729,67.981,0
GBPPKR,11-Jan-2018,149.5,149.7,149.1,149.4,0
GBPPLN,11-Jan-2018,4.7159,4.7189,4.6808,4.6856,0
GBPQAR,11-Jan-2018,4.9217,4.9217,4.9154,4.9164,0
GBPRON,11-Jan-2018,5.2405,5.2405,5.2083,5.2163,0
GBPRSD,11-Jan-2018,134.07,134.08,133.15,133.43,0
GBPRUB,11-Jan-2018,77.044,77.045,76.313,76.508,0
GBPSAR,11-Jan-2018,5.0603,5.0806,5.045,5.0723,0
GBPSCR,11-Jan-2018,17.539,17.907,17.05,17.907,0
GBPSEK,11-Jan-2018,11.0692,11.0692,10.9978,11.0004,0
GBPSGD,11-Jan-2018,1.8014,1.8014,1.7939,1.8005,0
GBPSZL,11-Jan-2018,16.704,16.704,16.496,16.496,0
GBPTHB,11-Jan-2018,43.4,43.4,43.1,43.3,0
GBPTND,11-Jan-2018,3.3301,3.3785,3.2955,3.3548,0
GBPTRY,11-Jan-2018,5.1311,5.1389,5.0985,5.111,0
GBPTTD,11-Jan-2018,8.964,8.964,8.874,8.874,0
GBPTWD,11-Jan-2018,39.962,40.083,39.822,40.058,0
GBPTZS,11-Jan-2018,2990,3037,2955,2955,0
GBPUAH,11-Jan-2018,38.125,38.125,37.916,37.916,0
GBPUGX,11-Jan-2018,4923,4923,4860,4860,0
GBPUSD,11-Jan-2018,1.351,1.3555,1.3458,1.3543,0
GBPVND,11-Jan-2018,30370,30370,30062,30062,0
GBPXAF,11-Jan-2018,741.53,741.53,737.95,737.95,0
GBPXCD,11-Jan-2018,3.6322,3.6417,3.6202,3.6401,0
GBPXPF,11-Jan-2018,134.85,135.26,133.98,134.18,0
GBPZAR,11-Jan-2018,16.7936,16.8729,16.7279,16.7525,0
GHSEUR,11-Jan-2018,0.182,0.183,0.182,0.183,0
GHSUSD,11-Jan-2018,0.2175,0.2202,0.2175,0.2202,0
GTQGBP,11-Jan-2018,0.1002,0.1012,0.1002,0.1012,0
HKDARS,11-Jan-2018,2.3821,2.3913,2.3774,2.39,0
HKDAUD,11-Jan-2018,0.163,0.1631,0.1619,0.1621,0
HKDBRL,11-Jan-2018,0.4123,0.4131,0.4106,0.4106,0
HKDCAD,11-Jan-2018,0.1604,0.1609,0.16,0.1601,0
HKDCHF,11-Jan-2018,0.125,0.1254,0.1244,0.1247,0
HKDCNY,11-Jan-2018,0.8309,0.8319,0.8259,0.8291,0
HKDDKK,11-Jan-2018,0.7962,0.7977,0.7895,0.7903,0
HKDEUR,11-Jan-2018,0.1069,0.1071,0.106,0.1061,0
HKDGBP,11-Jan-2018,0.0946,0.095,0.0943,0.0944,0
HKDIDR,11-Jan-2018,1700.1,1715.4,1674.7,1674.7,0
HKDINR,11-Jan-2018,8.1256,8.146,8.1226,8.1322,0
HKDJPY,11-Jan-2018,14.233,14.298,14.193,14.227,0
HKDKRW,11-Jan-2018,136.69,136.99,135.78,136.11,0
HKDMXN,11-Jan-2018,2.4651,2.4837,2.4548,2.4548,0
HKDMYR,11-Jan-2018,0.5115,0.5116,0.508,0.5082,0
HKDNZD,11-Jan-2018,0.1774,0.1779,0.1758,0.1761,0
HKDPKR,11-Jan-2018,14.147,14.151,14.141,14.141,0
HKDPLN,11-Jan-2018,0.4462,0.4471,0.4422,0.4422,0
HKDSEK,11-Jan-2018,1.0473,1.0488,1.0382,1.0382,0
HKDSGD,11-Jan-2018,0.1704,0.1707,0.1698,0.17,0
HKDTHB,11-Jan-2018,4.1029,4.1035,4.0844,4.0857,0
HKDTWD,11-Jan-2018,3.6889,3.6889,3.6496,3.6496,0
HKDUSD,11-Jan-2018,0.1278,0.1279,0.1278,0.1278,0
HKDZAR,11-Jan-2018,1.5892,1.5971,1.58,1.5824,0
HNLGBP,11-Jan-2018,0.0312,0.0314,0.0312,0.0314,0
HRKEUR,11-Jan-2018,0.1342,0.1342,0.1339,0.134,0
HRKPLN,11-Jan-2018,0.5604,0.5606,0.5582,0.5583,0
HRKUSD,11-Jan-2018,0.1605,0.1615,0.1601,0.1613,0
HTGGBP,11-Jan-2018,0.0113,0.0114,0.0113,0.0114,0
HUFARS,11-Jan-2018,0.072,0.0729,0.0719,0.0728,0
HUFCHF,11-Jan-2018,0.0038,0.0038,0.0038,0.0038,0
HUFDKK,11-Jan-2018,0.0241,0.0241,0.024,0.0241,0
HUFEUR,11-Jan-2018,0.0032,0.0032,0.0032,0.0032,0
HUFPLN,11-Jan-2018,0.0135,0.0135,0.0135,0.0135,0
HUFUSD,11-Jan-2018,0.0039,0.0039,0.0039,0.0039,0
IDRAUD,11-Jan-2018,0.0095,0.0095,0.0094,0.0095,0
IDRCAD,11-Jan-2018,0.929,0.9438,0.9275,0.9417,0
IDRCHF,11-Jan-2018,0.0073,0.0073,0.0072,0.0073,0
IDRCNY,11-Jan-2018,0.0482,0.0489,0.0481,0.0488,0
IDREUR,11-Jan-2018,0.0061,0.0062,0.0061,0.0061,0
IDRGBP,11-Jan-2018,0.0055,0.0056,0.0055,0.0056,0
IDRHKD,11-Jan-2018,0.0006,0.0006,0.0006,0.0006,0
IDRINR,11-Jan-2018,0.0047,0.0048,0.0047,0.0048,0
IDRJPY,11-Jan-2018,0.8256,0.8385,0.8238,0.8369,0
IDRKRW,11-Jan-2018,7.927,8.01,7.887,8.007,0
IDRMYR,11-Jan-2018,0.0298,0.0299,0.0297,0.0297,0
IDRNZD,11-Jan-2018,0.0103,0.0104,0.0102,0.0104,0
IDRSGD,11-Jan-2018,0.0099,0.01,0.0099,0.01,0
IDRTHB,11-Jan-2018,0.2379,0.2406,0.2368,0.2404,0
IDRTWD,11-Jan-2018,0.2138,0.2147,0.2116,0.2147,0
IDRUSD,11-Jan-2018,0.0074,0.0075,0.0074,0.0075,0
IDRZAR,11-Jan-2018,0.0921,0.0936,0.0918,0.0931,0
ILSAUD,11-Jan-2018,0.3719,0.3719,0.3703,0.3707,0
ILSCAD,11-Jan-2018,0.3658,0.3673,0.3658,0.3662,0
ILSCHF,11-Jan-2018,0.2853,0.2863,0.2847,0.2854,0
ILSJOD,11-Jan-2018,0.2071,0.2076,0.2068,0.2074,0
ILSJPY,11-Jan-2018,32.508,32.617,32.479,32.544,0
ILSPLN,11-Jan-2018,1.0189,1.0221,1.0119,1.0119,0
ILSSEK,11-Jan-2018,2.3799,2.3968,2.3739,2.3925,0
ILSUSD,11-Jan-2018,0.2918,0.2925,0.2915,0.2924,0
INRAUD,11-Jan-2018,0.02,0.02,0.0199,0.0199,0
INRCAD,11-Jan-2018,0.0197,0.0197,0.0197,0.0197,0
INRCHF,11-Jan-2018,0.0154,0.0154,0.0153,0.0153,0
INRCNY,11-Jan-2018,0.1022,0.1023,0.1014,0.1018,0
INREUR,11-Jan-2018,0.0131,0.0132,0.013,0.013,0
INRGBP,11-Jan-2018,0.0116,0.0117,0.0116,0.0116,0
INRHKD,11-Jan-2018,0.1229,0.1234,0.1226,0.1228,0
INRJPY,11-Jan-2018,1.751,1.755,1.744,1.747,0
INRKRW,11-Jan-2018,16.805,16.816,16.677,16.72,0
INRMYR,11-Jan-2018,0.0628,0.0628,0.0624,0.0624,0
INRNZD,11-Jan-2018,0.0218,0.0218,0.0216,0.0216,0
INRPKR,11-Jan-2018,1.7373,1.7379,1.7363,1.7363,0
INRSEK,11-Jan-2018,0.1288,0.1288,0.1275,0.1275,0
INRTHB,11-Jan-2018,0.5044,0.5045,0.5018,0.5018,0
INRTWD,11-Jan-2018,0.4535,0.4535,0.4483,0.4483,0
INRUSD,11-Jan-2018,0.0157,0.0157,0.0157,0.0157,0
INRZAR,11-Jan-2018,0.1954,0.1962,0.1942,0.1944,0
IQDGBP,11-Jan-2018,0.0006,0.0006,0.0006,0.0006,0
ISKCHF,11-Jan-2018,0.0093,0.0093,0.0093,0.0093,0
ISKDKK,11-Jan-2018,0.0593,0.0593,0.0592,0.0592,0
ISKGBP,11-Jan-2018,0.0071,0.0071,0.0071,0.0071,0
ISKNOK,11-Jan-2018,0.0769,0.077,0.0767,0.0768,0
ISKSEK,11-Jan-2018,0.0781,0.0781,0.0779,0.0779,0
JMDGBP,11-Jan-2018,0.0059,0.0059,0.0059,0.0059,0
JODAED,11-Jan-2018,5.1778,5.1781,5.1706,5.1706,0
JODILS,11-Jan-2018,4.8243,4.8322,4.8142,4.8172,0
JODUSD,11-Jan-2018,1.4053,1.4059,1.4035,1.4035,0
JPYAED,11-Jan-2018,0.033,0.0331,0.0329,0.033,0
JPYARS,11-Jan-2018,0.1673,0.1684,0.1666,0.168,0
JPYAUD,11-Jan-2018,0.0114,0.0114,0.0114,0.0114,0
JPYBRL,11-Jan-2018,0.029,0.029,0.0289,0.0289,0
JPYCAD,11-Jan-2018,0.0113,0.0113,0.0112,0.0113,0
JPYCHF,11-Jan-2018,0.8779,0.8789,0.8733,0.8766,0
JPYCLP,11-Jan-2018,5.4608,5.4646,5.4293,5.4361,0
JPYCNY,11-Jan-2018,0.0583,0.0584,0.0581,0.0583,0
JPYCZK,11-Jan-2018,0.1917,0.1917,0.19,0.1901,0
JPYDKK,11-Jan-2018,0.0557,0.0557,0.0553,0.0554,0
JPYEUR,11-Jan-2018,0.0075,0.0075,0.0074,0.0075,0
JPYGBP,11-Jan-2018,0.0066,0.0066,0.0066,0.0066,0
JPYHKD,11-Jan-2018,0.0703,0.0704,0.07,0.0703,0
JPYIDR,11-Jan-2018,119.38,120.64,117.5,117.75,0
JPYILS,11-Jan-2018,0.0307,0.0308,0.0306,0.0307,0
JPYINR,11-Jan-2018,0.5707,0.5728,0.5691,0.5716,0
JPYISK,11-Jan-2018,0.934,0.9357,0.934,0.9357,0
JPYKRW,11-Jan-2018,9.5986,9.5986,9.5374,9.5682,0
JPYMXN,11-Jan-2018,0.173,0.1739,0.1723,0.1727,0
JPYMYR,11-Jan-2018,0.0359,0.0359,0.0357,0.0357,0
JPYNOK,11-Jan-2018,0.0723,0.0723,0.0717,0.0718,0
JPYNZD,11-Jan-2018,0.0125,0.0125,0.0124,0.0124,0
JPYPKR,11-Jan-2018,0.9901,0.9915,0.9897,0.9914,0
JPYPLN,11-Jan-2018,0.0313,0.0313,0.0311,0.0311,0
JPYRUB,11-Jan-2018,0.5119,0.5119,0.507,0.5077,0
JPYSEK,11-Jan-2018,0.0734,0.0734,0.0728,0.0729,0
JPYTHB,11-Jan-2018,0.2881,0.2881,0.2863,0.2871,0
JPYTWD,11-Jan-2018,0.2591,0.2591,0.2566,0.2566,0
JPYUSD,11-Jan-2018,0.009,0.009,0.0089,0.009,0
JPYZAR,11-Jan-2018,0.1116,0.1121,0.111,0.1112,0
KESEUR,11-Jan-2018,0.008,0.008,0.0079,0.0079,0
KESUSD,11-Jan-2018,0.0096,0.0096,0.0095,0.0095,0
KESZAR,11-Jan-2018,0.1186,0.119,0.1182,0.1182,0
KMFUSD,11-Jan-2018,0.0024,0.0024,0.0024,0.0024,0
KRWAUD,11-Jan-2018,0.1191,0.1194,0.1183,0.1189,0
KRWBRL,11-Jan-2018,0.003,0.003,0.003,0.003,0
KRWCAD,11-Jan-2018,0.1171,0.1179,0.1169,0.1175,0
KRWCHF,11-Jan-2018,0.0913,0.0917,0.0913,0.0915,0
KRWCNY,11-Jan-2018,0.6072,0.6109,0.6066,0.6083,0
KRWEUR,11-Jan-2018,0.078,0.0782,0.0779,0.0779,0
KRWGBP,11-Jan-2018,0.0692,0.0695,0.0691,0.0693,0
KRWHKD,11-Jan-2018,0.7306,0.7354,0.7293,0.7337,0
KRWIDR,11-Jan-2018,12.4254,12.5832,12.2961,12.3027,0
KRWINR,11-Jan-2018,5.9562,5.9892,5.9445,5.9719,0
KRWJPY,11-Jan-2018,10.408,10.474,10.407,10.44,0
KRWMYR,11-Jan-2018,0.3737,0.3748,0.3717,0.3729,0
KRWNZD,11-Jan-2018,0.1296,0.1299,0.129,0.1291,0
KRWRUB,11-Jan-2018,0.0533,0.0534,0.0529,0.053,0
KRWSEK,11-Jan-2018,0.0077,0.0077,0.0076,0.0076,0
KRWSGD,11-Jan-2018,0.0013,0.0013,0.0012,0.0013,0
KRWTHB,11-Jan-2018,2.9982,3.0057,2.9839,2.9979,0
KRWTWD,11-Jan-2018,2.6944,2.7014,2.6771,2.6777,0
KRWUSD,11-Jan-2018,0.0933,0.0939,0.0931,0.0937,0
KRWZAR,11-Jan-2018,1.1611,1.1697,1.1579,1.1614,0
KWDAED,11-Jan-2018,12.171,12.183,12.161,12.168,0
KWDGBP,11-Jan-2018,2.4491,2.4506,2.4415,2.4415,0
KWDPKR,11-Jan-2018,366.93,367.17,366.73,366.73,0
KWDUSD,11-Jan-2018,3.3085,3.3085,3.3054,3.3055,0
KZTGBP,11-Jan-2018,0.0022,0.0022,0.0022,0.0022,0
LBPUSD,11-Jan-2018,0.0006,0.0007,0.0006,0.0007,0
LKRUSD,11-Jan-2018,0.0064,0.0064,0.0064,0.0064,0
LRDUSD,11-Jan-2018,0.0079,0.0079,0.0079,0.0079,0
LTLPLN,11-Jan-2018,1.2088,1.2099,1.2065,1.2067,0
MADGBP,11-Jan-2018,0.0769,0.0771,0.0769,0.0771,0
MADUSD,11-Jan-2018,0.1039,0.1044,0.1038,0.1044,0
MDLEUR,11-Jan-2018,0.0488,0.049,0.0484,0.0485,0
MDLUSD,11-Jan-2018,0.0583,0.0584,0.0583,0.0584,0
MKDUSD,11-Jan-2018,0.0193,0.0194,0.0192,0.0194,0
MUREUR,11-Jan-2018,0.024,0.024,0.0239,0.0239,0
MURGBP,11-Jan-2018,0.0212,0.0213,0.0212,0.0212,0
MURUSD,11-Jan-2018,0.0287,0.0288,0.0287,0.0288,0
MURZAR,11-Jan-2018,0.3566,0.3573,0.356,0.356,0
MVRUSD,11-Jan-2018,0.0641,0.0641,0.0641,0.0641,0
MWKGBP,11-Jan-2018,0.001,0.001,0.001,0.001,0
MXNARS,11-Jan-2018,0.9663,0.9718,0.9607,0.9718,0
MXNAUD,11-Jan-2018,0.0661,0.0661,0.0653,0.066,0
MXNBRL,11-Jan-2018,0.1672,0.1673,0.1664,0.1667,0
MXNCAD,11-Jan-2018,0.065,0.0652,0.0646,0.0652,0
MXNCHF,11-Jan-2018,0.0507,0.0509,0.0501,0.0508,0
MXNCZK,11-Jan-2018,1.1068,1.1095,1.0911,1.1004,0
MXNDKK,11-Jan-2018,0.3229,0.3236,0.3184,0.3217,0
MXNEUR,11-Jan-2018,0.0434,0.0435,0.0428,0.0432,0
MXNGBP,11-Jan-2018,0.0384,0.0385,0.038,0.0384,0
MXNHKD,11-Jan-2018,0.4055,0.4071,0.4025,0.4071,0
MXNJPY,11-Jan-2018,5.774,5.803,5.734,5.791,0
MXNSGD,11-Jan-2018,0.0692,0.0692,0.0685,0.0692,0
MXNUSD,11-Jan-2018,0.0518,0.052,0.0515,0.052,0
MXNZAR,11-Jan-2018,0.6442,0.6469,0.64,0.6441,0
MYRAUD,11-Jan-2018,0.3169,0.3204,0.3155,0.3204,0
MYRCAD,11-Jan-2018,0.3118,0.3165,0.3117,0.3165,0
MYRCHF,11-Jan-2018,0.2432,0.2467,0.2432,0.2467,0
MYRCNH,11-Jan-2018,1.631,1.631,1.63,1.63,0
MYRCNY,11-Jan-2018,1.6165,1.639,1.6157,1.639,0
MYRDKK,11-Jan-2018,1.5552,1.5631,1.546,1.5539,0
MYREUR,11-Jan-2018,0.2088,0.21,0.2078,0.2087,0
MYRGBP,11-Jan-2018,0.1841,0.1867,0.184,0.1867,0
MYRHKD,11-Jan-2018,1.945,1.9784,1.9424,1.9784,0
MYRIDR,11-Jan-2018,3308.5,3370.3,3289.5,3313.4,0
MYRINR,11-Jan-2018,15.807,16.088,15.799,16.088,0
MYRJPY,11-Jan-2018,27.7,28.131,27.7,28.131,0
MYRKRW,11-Jan-2018,265.88,269.14,265.77,269.14,0
MYRNZD,11-Jan-2018,0.3466,0.3486,0.3458,0.3459,0
MYRPKR,11-Jan-2018,27.615,27.775,27.615,27.758,0
MYRSGD,11-Jan-2018,0.3316,0.3361,0.3312,0.3361,0
MYRTHB,11-Jan-2018,7.9817,8.0782,7.9537,8.0782,0
MYRTWD,11-Jan-2018,7.1925,7.1937,7.1795,7.1795,0
MYRUSD,11-Jan-2018,0.2496,0.2513,0.2496,0.2512,0
MYRZAR,11-Jan-2018,3.0916,3.1335,3.0821,3.1291,0
NGNGBP,11-Jan-2018,0.0021,0.0021,0.0021,0.0021,0
NGNJPY,11-Jan-2018,0.309,0.3102,0.3086,0.3092,0
NIOGBP,11-Jan-2018,0.0239,0.0241,0.0238,0.0241,0
NOKCAD,11-Jan-2018,0.1554,0.1566,0.1554,0.1564,0
NOKCHF,11-Jan-2018,12.115,12.186,12.113,12.183,0
NOKCNH,11-Jan-2018,0.806,0.809,0.806,0.809,0
NOKDKK,11-Jan-2018,0.7717,0.7735,0.7691,0.7723,0
NOKEUR,11-Jan-2018,0.1036,0.1039,0.1032,0.1037,0
NOKGBP,11-Jan-2018,0.0917,0.0923,0.0917,0.0922,0
NOKINR,11-Jan-2018,7.897,7.9536,7.8825,7.9478,0
NOKISK,11-Jan-2018,12.9206,12.962,12.8922,12.9519,0
NOKJPY,11-Jan-2018,13.7974,13.9084,13.7974,13.8969,0
NOKPLN,11-Jan-2018,0.4326,0.4337,0.4313,0.432,0
NOKSEK,11-Jan-2018,1.015,1.0163,1.0129,1.014,0
NOKUSD,11-Jan-2018,0.1239,0.1249,0.1237,0.1249,0
NOKZAR,11-Jan-2018,1.5408,1.5552,1.5389,1.5456,0
NZDAED,11-Jan-2018,2.6434,2.6667,2.6412,2.6667,0
NZDAUD,11-Jan-2018,0.9184,0.9212,0.9128,0.9206,0
NZDCAD,11-Jan-2018,0.9037,0.9113,0.9016,0.9089,0
NZDCHF,11-Jan-2018,0.7047,0.7093,0.7028,0.7084,0
NZDCNH,11-Jan-2018,4.685,4.709,4.685,4.705,0
NZDCNY,11-Jan-2018,4.6824,4.7117,4.6782,4.7106,0
NZDCZK,11-Jan-2018,15.386,15.441,15.309,15.357,0
NZDDKK,11-Jan-2018,4.4882,4.5065,4.4679,4.4885,0
NZDEUR,11-Jan-2018,0.6027,0.6051,0.6001,0.6029,0
NZDGBP,11-Jan-2018,0.5332,0.5369,0.532,0.5361,0
NZDHKD,11-Jan-2018,5.6362,5.6873,5.6193,5.6792,0
NZDHUF,11-Jan-2018,186.26,186.96,185.44,185.91,0
NZDIDR,11-Jan-2018,9584.6,9734.9,9477.9,9532.4,0
NZDINR,11-Jan-2018,45.797,46.246,45.708,46.207,0
NZDJPY,11-Jan-2018,80.279,80.895,80.213,80.792,0
NZDKRW,11-Jan-2018,770.39,773.7,768.83,773.55,0
NZDMXN,11-Jan-2018,13.8991,14.0433,13.8537,13.9454,0
NZDMYR,11-Jan-2018,2.883,2.8899,2.8656,2.8881,0
NZDNOK,11-Jan-2018,5.8144,5.8336,5.7861,5.8128,0
NZDPHP,11-Jan-2018,36.301,36.48,36.165,36.48,0
NZDPKR,11-Jan-2018,79.484,79.888,79.484,79.876,0
NZDPLN,11-Jan-2018,2.5155,2.5273,2.5033,2.511,0
NZDSEK,11-Jan-2018,5.904,5.9216,5.8793,5.8976,0
NZDSGD,11-Jan-2018,0.9612,0.9664,0.9578,0.9652,0
NZDTHB,11-Jan-2018,23.144,23.251,23.019,23.232,0
NZDTRY,11-Jan-2018,2.7372,2.747,2.7224,2.7386,0
NZDTWD,11-Jan-2018,20.785,20.785,20.751,20.751,0
NZDUSD,11-Jan-2018,0.7206,0.7271,0.7182,0.726,0
NZDZAR,11-Jan-2018,8.9574,9.0256,8.9188,8.9862,0
OMRAED,11-Jan-2018,9.536,9.5362,9.5348,9.5351,0
OMRGBP,11-Jan-2018,1.9166,1.9208,1.9123,1.9123,0
OMRPKR,11-Jan-2018,287.51,287.61,287.33,287.33,0
OMRUSD,11-Jan-2018,2.5894,2.5894,2.5888,2.5889,0
OMRZAR,11-Jan-2018,32.2761,32.456,32.0986,32.124,0
PENGBP,11-Jan-2018,0.2297,0.231,0.229,0.231,0
PGKGBP,11-Jan-2018,0.2233,0.2255,0.2233,0.2255,0
PHPAUD,11-Jan-2018,0.0252,0.0252,0.0251,0.0251,0
PHPDKK,11-Jan-2018,0.123,0.1238,0.1225,0.1226,0
PHPGBP,11-Jan-2018,0.0146,0.0147,0.0146,0.0146,0
PHPJPY,11-Jan-2018,2.1993,2.2174,2.1993,2.2045,0
PHPNZD,11-Jan-2018,0.0274,0.0276,0.0273,0.0273,0
PHPUSD,11-Jan-2018,0.0198,0.0199,0.0198,0.0199,0
PKRGBP,11-Jan-2018,0.0067,0.0067,0.0066,0.0066,0
PKRJPY,11-Jan-2018,1.0091,1.0095,1.0069,1.0069,0
PKRZAR,11-Jan-2018,0.1118,0.1129,0.1114,0.1127,0
PLNCHF,11-Jan-2018,0.2799,0.2819,0.2798,0.2819,0
PLNCOP,11-Jan-2018,836.37,836.98,824.9,826.6,0
PLNCZK,11-Jan-2018,6.114,6.118,6.105,6.116,0
PLNDKK,11-Jan-2018,1.7828,1.7868,1.781,1.7865,0
PLNEUR,11-Jan-2018,0.2394,0.2399,0.2392,0.2399,0
PLNGBP,11-Jan-2018,0.2119,0.2134,0.2118,0.2134,0
PLNHUF,11-Jan-2018,74.023,74.127,73.913,74.06,0
PLNILS,11-Jan-2018,0.9806,0.9879,0.9781,0.9877,0
PLNJPY,11-Jan-2018,31.878,32.166,31.878,32.15,0
PLNNOK,11-Jan-2018,2.3101,2.317,2.3041,2.3134,0
PLNRUB,11-Jan-2018,16.3346,16.407,16.274,16.3347,0
PLNSEK,11-Jan-2018,2.346,2.3525,2.3405,2.347,0
PLNUSD,11-Jan-2018,0.2863,0.2889,0.2858,0.2889,0
QARAED,11-Jan-2018,1.0038,1.0161,1.0028,1.0161,0
QARGBP,11-Jan-2018,0.2031,0.2033,0.2031,0.2032,0
QARPKR,11-Jan-2018,30.38,30.4,30.34,30.34,0
QARUSD,11-Jan-2018,0.2746,0.2746,0.2746,0.2746,0
QARZAR,11-Jan-2018,3.4002,3.451,3.3897,3.4275,0
RONCHF,11-Jan-2018,0.2516,0.253,0.2516,0.2527,0
RONGBP,11-Jan-2018,0.1906,0.1918,0.1906,0.1915,0
RONPLN,11-Jan-2018,0.8993,0.9003,0.8975,0.8975,0
RONUSD,11-Jan-2018,0.2574,0.2594,0.2569,0.2592,0
RSDUSD,11-Jan-2018,0.0101,0.0101,0.0101,0.0101,0
RUBCHF,11-Jan-2018,0.0171,0.0173,0.0171,0.0173,0
RUBGBP,11-Jan-2018,0.013,0.0131,0.0129,0.0131,0
RUBJPY,11-Jan-2018,1.951,1.9704,1.951,1.9677,0
RUBKRW,11-Jan-2018,18.741,18.879,18.713,18.848,0
RUBPLN,11-Jan-2018,0.0612,0.0614,0.0609,0.0612,0
RUBUSD,11-Jan-2018,0.0175,0.0177,0.0175,0.0177,0
SAREUR,11-Jan-2018,0.2229,0.2233,0.221,0.2213,0
SARPKR,11-Jan-2018,29.512,29.517,29.497,29.497,0
SARUSD,11-Jan-2018,0.2664,0.2666,0.2663,0.2663,0
SCRGBP,11-Jan-2018,0.0505,0.0519,0.0496,0.0496,0
SCRUSD,11-Jan-2018,0.0682,0.07,0.0672,0.0672,0
SEKAUD,11-Jan-2018,0.1555,0.1562,0.1548,0.156,0
SEKCAD,11-Jan-2018,0.1531,0.1544,0.153,0.1541,0
SEKCHF,11-Jan-2018,11.93,12.01,11.9,12.01,0
SEKCNH,11-Jan-2018,0.795,0.797,0.795,0.797,0
SEKCZK,11-Jan-2018,2.6062,2.6125,2.5981,2.6049,0
SEKDKK,11-Jan-2018,0.7599,0.7616,0.758,0.7611,0
SEKEUR,11-Jan-2018,0.102,0.1023,0.1018,0.1022,0
SEKGBP,11-Jan-2018,0.0903,0.0909,0.0903,0.0909,0
SEKILS,11-Jan-2018,0.4178,0.4204,0.4173,0.4204,0
SEKINR,11-Jan-2018,7.7745,7.8411,7.7636,7.8301,0
SEKISK,11-Jan-2018,12.722,12.766,12.707,12.765,0
SEKJPY,11-Jan-2018,13.5864,13.707,13.5864,13.691,0
SEKNOK,11-Jan-2018,0.9842,0.9867,0.9831,0.9849,0
SEKPLN,11-Jan-2018,0.426,0.4269,0.4248,0.4257,0
SEKUSD,11-Jan-2018,0.122,0.1231,0.122,0.123,0
SEKZAR,11-Jan-2018,1.517,1.5329,1.5152,1.5237,0
SGDAED,11-Jan-2018,2.751,2.762,2.751,2.762,0
SGDARS,11-Jan-2018,13.9687,14.0732,13.9609,14.0639,0
SGDAUD,11-Jan-2018,0.9556,0.956,0.9509,0.9537,0
SGDBRL,11-Jan-2018,2.4173,2.4263,2.4161,2.4163,0
SGDCAD,11-Jan-2018,0.9407,0.9439,0.9401,0.9418,0
SGDCHF,11-Jan-2018,0.7332,0.7354,0.7317,0.7339,0
SGDCNH,11-Jan-2018,4.892,4.892,4.888,4.888,0
SGDCNY,11-Jan-2018,4.8722,4.8883,4.86,4.8776,0
SGDDKK,11-Jan-2018,4.6694,4.6777,4.6433,4.6504,0
SGDEUR,11-Jan-2018,0.627,0.6281,0.6235,0.6245,0
SGDGBP,11-Jan-2018,0.5548,0.5573,0.5548,0.5554,0
SGDHKD,11-Jan-2018,5.8639,5.8851,5.8576,5.8845,0
SGDIDR,11-Jan-2018,9972.5,10085.8,9848.1,9865.1,0
SGDINR,11-Jan-2018,47.651,47.878,47.651,47.853,0
SGDJPY,11-Jan-2018,83.553,83.88,83.51,83.699,0
SGDKRW,11-Jan-2018,801.68,803.26,799.02,800.95,0
SGDMXN,11-Jan-2018,14.4551,14.5901,14.4342,14.4463,0
SGDMYR,11-Jan-2018,2.9991,3.0023,2.9882,2.9906,0
SGDNZD,11-Jan-2018,1.04,1.0436,1.0343,1.0358,0
SGDPKR,11-Jan-2018,82.93,83.092,82.93,83.058,0
SGDPLN,11-Jan-2018,2.6173,2.623,2.6017,2.6017,0
SGDSEK,11-Jan-2018,6.1425,6.1526,6.1098,6.111,0
SGDTHB,11-Jan-2018,24.058,24.06,23.967,24.051,0
SGDTWD,11-Jan-2018,22.244,22.278,22.053,22.09,0
SGDUSD,11-Jan-2018,0.7497,0.7523,0.7488,0.7521,0
SGDZAR,11-Jan-2018,9.3184,9.3716,9.3008,9.309,0
SHPUSD,11-Jan-2018,1.3506,1.353,1.3506,1.353,0
SLLUSD,11-Jan-2018,0.0001,0.0001,0.0001,0.0001,0
SZLCHF,11-Jan-2018,0.077,0.078,0.077,0.078,0
SZLEUR,11-Jan-2018,0.0659,0.0664,0.0659,0.0664,0
SZLGBP,11-Jan-2018,0.0583,0.059,0.0583,0.059,0
SZLUSD,11-Jan-2018,0.0787,0.0799,0.0787,0.0799,0
THBAUD,11-Jan-2018,0.0397,0.0397,0.0395,0.0396,0
THBCAD,11-Jan-2018,0.0391,0.0393,0.0391,0.0391,0
THBCHF,11-Jan-2018,0.0305,0.0307,0.0304,0.0305,0
THBCNY,11-Jan-2018,0.2024,0.2033,0.2019,0.2027,0
THBEUR,11-Jan-2018,0.026,0.0262,0.0259,0.0259,0
THBGBP,11-Jan-2018,0.023,0.0232,0.023,0.0231,0
THBHKD,11-Jan-2018,0.2435,0.2447,0.2434,0.2443,0
THBIDR,11-Jan-2018,414.13,419.006,409.578,409.92,0
THBINR,11-Jan-2018,1.9844,1.9933,1.9844,1.9897,0
THBJPY,11-Jan-2018,3.4677,3.4899,3.4674,3.4786,0
THBKRW,11-Jan-2018,33.281,33.441,33.206,33.287,0
THBMYR,11-Jan-2018,0.1246,0.1249,0.1242,0.1243,0
THBNZD,11-Jan-2018,0.0432,0.0434,0.043,0.043,0
THBPKR,11-Jan-2018,3.4399,3.4577,3.4399,3.4559,0
THBSGD,11-Jan-2018,0.0415,0.0417,0.0415,0.0415,0
THBTWD,11-Jan-2018,0.8982,0.8982,0.8924,0.8924,0
THBUSD,11-Jan-2018,0.0311,0.0313,0.0311,0.0312,0
THBZAR,11-Jan-2018,0.387,0.3901,0.3866,0.3875,0
TNDGBP,11-Jan-2018,0.2995,0.3026,0.295,0.2984,0
TNDUSD,11-Jan-2018,0.4044,0.4091,0.3916,0.4047,0
TRYCHF,11-Jan-2018,0.2572,0.2592,0.2567,0.2586,0
TRYDKK,11-Jan-2018,1.6382,1.6473,1.6293,1.6392,0
TRYJPY,11-Jan-2018,29.302,29.515,29.302,29.49,0
TRYPLN,11-Jan-2018,0.9185,0.9228,0.9135,0.917,0
TRYUSD,11-Jan-2018,0.2631,0.2653,0.2627,0.2649,0
TRYZAR,11-Jan-2018,3.2697,3.2994,3.2688,3.2787,0
TTDGBP,11-Jan-2018,0.1075,0.1086,0.1075,0.1086,0
TWDAUD,11-Jan-2018,0.0429,0.0433,0.0427,0.0432,0
TWDCAD,11-Jan-2018,0.0423,0.0428,0.0422,0.0426,0
TWDCHF,11-Jan-2018,0.033,0.0333,0.033,0.0332,0
TWDCNY,11-Jan-2018,0.219,0.2214,0.2188,0.2207,0
TWDDKK,11-Jan-2018,0.2041,0.2048,0.2041,0.2048,0
TWDGBP,11-Jan-2018,0.0249,0.0252,0.0249,0.0251,0
TWDHKD,11-Jan-2018,0.2636,0.2667,0.263,0.2664,0
TWDIDR,11-Jan-2018,448.24,456.16,446.11,446.31,0
TWDINR,11-Jan-2018,2.1542,2.1552,2.1492,2.151,0
TWDJPY,11-Jan-2018,3.753,3.797,3.753,3.789,0
TWDKRW,11-Jan-2018,36.021,36.251,35.936,36.245,0
TWDMYR,11-Jan-2018,0.1352,0.1352,0.1343,0.1343,0
TWDNZD,11-Jan-2018,0.0469,0.047,0.0465,0.0465,0
TWDPKR,11-Jan-2018,3.7388,3.7408,3.7383,3.7383,0
TWDSEK,11-Jan-2018,0.276,0.2778,0.2754,0.2766,0
TWDSGD,11-Jan-2018,0.0449,0.0453,0.0448,0.0453,0
TWDTHB,11-Jan-2018,1.0814,1.0896,1.0764,1.0882,0
TWDUSD,11-Jan-2018,0.0338,0.0338,0.0337,0.0338,0
TWDZAR,11-Jan-2018,0.4188,0.4243,0.4176,0.4214,0
TZSZAR,11-Jan-2018,0.0055,0.0056,0.0055,0.0056,0
UAHDKK,11-Jan-2018,0.217,0.2171,0.217,0.2171,0
UAHEUR,11-Jan-2018,0.0291,0.0292,0.0291,0.0292,0
UAHPLN,11-Jan-2018,0.1227,0.1228,0.1225,0.1225,0
UAHUSD,11-Jan-2018,0.0348,0.0351,0.0348,0.0351,0
USDAED,11-Jan-2018,3.672,3.6725,3.672,3.672,0
USDAFN,11-Jan-2018,69.835,69.889,69.379,69.379,0
USDALL,11-Jan-2018,110.624,111.136,108.76,108.76,0
USDAMD,11-Jan-2018,462.18,462.18,455.38,455.38,0
USDARS,11-Jan-2018,18.6328,18.7062,18.5692,18.6967,0
USDAUD,11-Jan-2018,1.2751,1.2758,1.2663,1.2681,0
USDAWG,11-Jan-2018,1.78,1.781,1.78,1.781,0
USDBDT,11-Jan-2018,81.739,82.15,81.017,81.017,0
USDBGN,11-Jan-2018,1.626,1.6359,1.6184,1.6188,0
USDBHD,11-Jan-2018,0.3745,0.3745,0.3731,0.3743,0
USDBIF,11-Jan-2018,1742.7,1744.6,1721.1,1721.1,0
USDBMD,11-Jan-2018,1,1,1,1,0
USDBND,11-Jan-2018,1.317,1.3344,1.302,1.302,0
USDBOB,11-Jan-2018,6.8003,6.8141,6.6909,6.6909,0
USDBRL,11-Jan-2018,3.2265,3.2357,3.2121,3.2138,0
USDBWP,11-Jan-2018,9.799,9.803,9.6731,9.6731,0
USDBZD,11-Jan-2018,1.9777,1.9777,1.9531,1.9531,0
USDCAD,11-Jan-2018,1.2554,1.259,1.2516,1.2528,0
USDCDF,11-Jan-2018,1570.1,1571,1570.1,1570.9,0
USDCHF,11-Jan-2018,0.978,0.9816,0.9732,0.9758,0
USDCLP,11-Jan-2018,608.16,609,604.92,605.12,0
USDCNH,11-Jan-2018,6.5223,6.5258,6.4865,6.4921,0
USDCNY,11-Jan-2018,6.5085,6.5199,6.4632,6.4942,0
USDCOP,11-Jan-2018,2882.4,2884.5,2875.5,2875.5,0
USDCRC,11-Jan-2018,557.78,557.78,550.82,550.82,0
USDCUP,11-Jan-2018,0.98,0.98,0.9671,0.9671,0
USDCVE,11-Jan-2018,92.276,92.276,91.615,91.615,0
USDCZK,11-Jan-2018,21.3597,21.4154,21.1562,21.1562,0
USDDJF,11-Jan-2018,177.59,177.97,177.59,177.89,0
USDDKK,11-Jan-2018,6.2295,6.2421,6.1756,6.1833,0
USDDOP,11-Jan-2018,47.938,47.987,47.423,47.423,0
USDDZD,11-Jan-2018,114.38,114.701,114.129,114.177,0
USDEGP,11-Jan-2018,17.691,17.7182,17.6547,17.6805,0
USDETB,11-Jan-2018,27.326,27.326,26.987,26.987,0
USDEUR,11-Jan-2018,0.8362,0.8382,0.8294,0.8303,0
USDFJD,11-Jan-2018,2.0244,2.0244,2.0137,2.0144,0
USDGBP,11-Jan-2018,0.7403,0.743,0.7377,0.7385,0
USDGEL,11-Jan-2018,2.554,2.554,2.544,2.544,0
USDGHS,11-Jan-2018,4.5555,4.5555,4.4993,4.4993,0
USDGMD,11-Jan-2018,47.38,47.38,47.36,47.36,0
USDGNF,11-Jan-2018,8933.4,8945.7,8880.1,8880.1,0
USDGTQ,11-Jan-2018,7.2197,7.2197,7.1302,7.1302,0
USDHKD,11-Jan-2018,7.8217,7.8251,7.8217,7.8236,0
USDHNL,11-Jan-2018,23.289,23.325,23.065,23.065,0
USDHRK,11-Jan-2018,6.2292,6.2374,6.1856,6.1934,0
USDHTG,11-Jan-2018,64.905,64.905,64.044,64.044,0
USDHUF,11-Jan-2018,258.591,259.156,256.036,256.265,0
USDIDR,11-Jan-2018,13410,13424,13162,13162,0
USDILS,11-Jan-2018,3.4257,3.4281,3.405,3.4075,0
USDINR,11-Jan-2018,63.7599,63.8392,63.6392,63.6778,0
USDIQD,11-Jan-2018,1165.3,1170,1165.3,1170,0
USDIRR,11-Jan-2018,36129,36214,36129,36214,0
USDISK,11-Jan-2018,104.393,104.599,103.677,103.796,0
USDJOD,11-Jan-2018,0.7068,0.7075,0.7068,0.7075,0
USDJPY,11-Jan-2018,111.392,111.873,111.043,111.333,0
USDKES,11-Jan-2018,101.462,101.462,101.307,101.435,0
USDKHR,11-Jan-2018,3956.2,3974.6,3940,3974.6,0
USDKMF,11-Jan-2018,410.6,411.5,409.8,409.8,0
USDKRW,11-Jan-2018,1069.93,1073.07,1062.18,1065.22,0
USDKWD,11-Jan-2018,0.3009,0.3012,0.3007,0.3012,0
USDKZT,11-Jan-2018,329.45,329.56,325.19,325.19,0
USDLAK,11-Jan-2018,8109.74,8142.44,8109,8142.44,0
USDLBP,11-Jan-2018,1494.7,1510,1471.1,1471.1,0
USDLKR,11-Jan-2018,151.59,153.67,149.66,149.66,0
USDLRD,11-Jan-2018,125,125.25,125,125.25,0
USDLSL,11-Jan-2018,12.44,12.45,12.44,12.4441,0
USDLYD,11-Jan-2018,1.3312,1.3366,1.3236,1.3236,0
USDMAD,11-Jan-2018,9.3466,9.3531,9.2337,9.3016,0
USDMDL,11-Jan-2018,16.939,16.939,16.705,16.705,0
USDMKD,11-Jan-2018,51.127,51.286,50.774,50.829,0
USDMMK,11-Jan-2018,1337.9,1337.9,1323.9,1323.9,0
USDMOP,11-Jan-2018,7.928,7.928,7.83,7.83,0
USDMRO,11-Jan-2018,347.83,352.08,347.83,352.08,0
USDMUR,11-Jan-2018,32.347,32.442,32.277,32.277,0
USDMVR,11-Jan-2018,15.21,15.21,15.2,15.2,0
USDMWK,11-Jan-2018,712.37,717.8,712.37,716.53,0
USDMXN,11-Jan-2018,19.2795,19.4322,19.2066,19.2066,0
USDMYR,11-Jan-2018,4.0016,4.0016,3.9749,3.976,0
USDNAD,11-Jan-2018,12.3857,12.4425,12.3857,12.4353,0
USDNGN,11-Jan-2018,359.69,359.69,355.28,355.28,0
USDNIO,11-Jan-2018,30.558,30.6026,30.178,30.178,0
USDNOK,11-Jan-2018,8.0703,8.0843,8.0046,8.0046,0
USDNPR,11-Jan-2018,100.8,100.8,99.653,99.653,0
USDNZD,11-Jan-2018,1.3874,1.392,1.3751,1.3774,0
USDOMR,11-Jan-2018,0.3837,0.3838,0.3837,0.3838,0
USDPAB,11-Jan-2018,0.9838,0.9838,0.9715,0.9715,0
USDPEN,11-Jan-2018,3.2179,3.2214,3.1299,3.1299,0
USDPGK,11-Jan-2018,3.1606,3.1606,3.1417,3.1417,0
USDPHP,11-Jan-2018,50.425,50.425,50.2254,50.2404,0
USDPKR,11-Jan-2018,109.9306,110.702,108.57,108.57,0
USDPLN,11-Jan-2018,3.4903,3.4983,3.4596,3.4596,0
USDPYG,11-Jan-2018,5544.4,5544.4,5475,5475,0
USDQAR,11-Jan-2018,3.5348,3.6401,3.488,3.488,0
USDRON,11-Jan-2018,3.8774,3.8836,3.848,3.8515,0
USDRSD,11-Jan-2018,98.986,99.205,98.029,98.442,0
USDRUB,11-Jan-2018,57.022,57.03,56.389,56.51,0
USDRWF,11-Jan-2018,844.64,846.43,840.22,840.22,0
USDSAR,11-Jan-2018,3.746,3.7503,3.7455,3.7462,0
USDSCR,11-Jan-2018,12.9965,13.2402,12.6258,13.2402,0
USDSDD,11-Jan-2018,700.59,700.59,691.94,691.94,0
USDSEK,11-Jan-2018,8.1941,8.2049,8.1221,8.1295,0
USDSGD,11-Jan-2018,1.3332,1.3353,1.3286,1.3297,0
USDSLL,11-Jan-2018,7650,7650,7645,7645,0
USDSOS,11-Jan-2018,544.3,547.3,540.8,540.8,0
USDSTD,11-Jan-2018,20522,20522,20522,20522,0
USDSVC,11-Jan-2018,8.5903,8.5903,8.4831,8.4831,0
USDSZL,11-Jan-2018,12.1595,12.2959,12.1595,12.184,0
USDTHB,11-Jan-2018,32.1112,32.1219,31.9561,32.0103,0
USDTND,11-Jan-2018,2.4636,2.4952,2.3799,2.4572,0
USDTRY,11-Jan-2018,3.7976,3.8057,3.7677,3.7737,0
USDTWD,11-Jan-2018,29.5928,29.6374,29.5529,29.5879,0
USDTZS,11-Jan-2018,2213.7,2241.1,2182.3,2182.3,0
USDUAH,11-Jan-2018,28.224,28.224,28.003,28.003,0
USDUYU,11-Jan-2018,28.307,28.401,27.967,27.967,0
USDUZS,11-Jan-2018,8147,8147,8046.8,8046.8,0
USDVEF,11-Jan-2018,10.0974,10.3958,10.0406,10.3958,0
USDVND,11-Jan-2018,22482,22551.88,22202,22202,0
USDXAF,11-Jan-2018,548.94,548.95,545.01,545.01,0
USDXOF,11-Jan-2018,551,551,544.99,544.99,0
USDXPF,11-Jan-2018,99.803,99.805,99.098,99.098,0
USDYER,11-Jan-2018,249.8,249.85,249.8,249.83,0
USDZAR,11-Jan-2018,12.4226,12.4965,12.3586,12.3911,0
UYUEUR,11-Jan-2018,0.0288,0.0288,0.0285,0.0286,0
UYUUSD,11-Jan-2018,0.0342,0.0345,0.0342,0.0344,0
UZSCHF,11-Jan-2018,0.0001,0.0001,0.0001,0.0001,0
VEFEUR,11-Jan-2018,0.0838,0.0838,0.0836,0.0836,0
VEFUSD,11-Jan-2018,0.099,0.099,0.0962,0.0963,0
VNDJPY,11-Jan-2018,0.0048,0.0049,0.0048,0.0049,0
VNDXAF,11-Jan-2018,0.0241,0.0242,0.0241,0.0242,0
XAGARS,11-Jan-2018,316.74,318.15,315.7,318.04,0
XAGAUD,11-Jan-2018,21.62,21.65,21.42,21.52,0
XAGBRL,11-Jan-2018,54.85,55.02,54.55,54.68,0
XAGCAD,11-Jan-2018,21.3134,21.4049,21.2247,21.3039,0
XAGCHF,11-Jan-2018,526.5584,529.4638,523.3521,525.9921,0
XAGCNY,11-Jan-2018,110.61,111.01,110.07,110.42,0
XAGEUR,11-Jan-2018,14.22,14.26,14.04,14.12,0
XAGGBP,11-Jan-2018,12.55,12.62,12.49,12.54,0
XAGHKD,11-Jan-2018,132.7929,133.1677,132.3506,132.9143,0
XAGIDR,11-Jan-2018,2285.58,2288.15,2262.93,2277.89,0
XAGINR,11-Jan-2018,1081.7,1083.26,1077.61,1080.66,0
XAGJPY,11-Jan-2018,1891.02,1900.85,1880.01,1890.11,0
XAGKRW,11-Jan-2018,181.98,182.54,180.23,181.31,0
XAGMXN,11-Jan-2018,327.9,330.13,326.78,327.14,0
XAGRUB,11-Jan-2018,969.65,971.53,957.83,961.19,0
XAGSAR,11-Jan-2018,63.73,63.9,63.55,63.78,0
XAGTRY,11-Jan-2018,64.5808,64.7392,63.9259,64.1945,0
XAGUSD,11-Jan-2018,16.98,17.029,16.938,16.992,0
XAGZAR,11-Jan-2018,210.99,212.17,209.68,210.38,0
XAUARS,11-Jan-2018,24557.3,24763.4,24532.6,24733.1,0
XAUAUD,11-Jan-2018,1679.1,1681.6,1671,1676.9,0
XAUBRL,11-Jan-2018,4253,4274.1,4248.6,4252.7,0
XAUCAD,11-Jan-2018,1652.55,1659.9,1652.55,1656.56,0
XAUCHF,11-Jan-2018,41181.46,41359.35,41127.88,41235.29,0
XAUCNY,11-Jan-2018,8574.6,8599.9,8565.8,8585.7,0
XAUEUR,11-Jan-2018,1102.05,1104.42,1095.7,1098.17,0
XAUGBP,11-Jan-2018,974.2,979.1,974.2,975.7,0
XAUHKD,11-Jan-2018,10304.385,10351.189,10300.787,10344.655,0
XAUIDR,11-Jan-2018,177201.3,177336.4,176270,177149.7,0
XAUINR,11-Jan-2018,83954.1,84228.4,83821.7,84102.7,0
XAUJPY,11-Jan-2018,146811.5,147551.6,146811.5,147183.4,0
XAUKRW,11-Jan-2018,14107.79,14139.85,14046.98,14099.32,0
XAUMXN,11-Jan-2018,25423.48,25652.99,25386.58,25426.04,0
XAUPLN,11-Jan-2018,4601.5,4614,4573.5,4578.2,0
XAURUB,11-Jan-2018,75173.31,75266.15,74585,74735.34,0
XAUSAR,11-Jan-2018,4941,4964,4935.7,4960.1,0
XAUTHB,11-Jan-2018,42297,42326,42129,42298,0
XAUTRY,11-Jan-2018,5007.46,5026.16,4987.11,4988.62,0
XAUUSD,11-Jan-2018,1317.59,1323.5,1315.67,1322.57,0
XAUZAR,11-Jan-2018,16373.2,16459.3,16342,16371.2,0
XCDGBP,11-Jan-2018,0.2725,0.2733,0.2717,0.2718,0
XPDEUR,11-Jan-2018,905.95,908.6,892.16,898.05,0
XPDGBP,11-Jan-2018,801.52,804.61,793.51,798.02,0
XPDUSD,11-Jan-2018,1085,1087.19,1073.18,1081.03,0
XPFGBP,11-Jan-2018,0.0074,0.0074,0.0074,0.0074,0
XPTEUR,11-Jan-2018,810.21,817.9,810.21,815.1,0
XPTGBP,11-Jan-2018,717.04,726.98,717.04,724.81,0
XPTUSD,11-Jan-2018,969.06,983.97,968.25,980.79,0
YERUSD,11-Jan-2018,0.004,0.004,0.004,0.004,0
ZARAED,11-Jan-2018,0.295,0.297,0.2938,0.2964,0
ZARARS,11-Jan-2018,1.4986,1.5097,1.4905,1.5097,0
ZARAUD,11-Jan-2018,0.1025,0.1025,0.1016,0.1024,0
ZARBRL,11-Jan-2018,0.2594,0.2596,0.2587,0.2592,0
ZARBWP,11-Jan-2018,0.7981,0.8002,0.786,0.7905,0
ZARCAD,11-Jan-2018,0.1009,0.1013,0.1005,0.1011,0
ZARCHF,11-Jan-2018,0.0786,0.0789,0.0781,0.0788,0
ZARCNY,11-Jan-2018,0.5226,0.524,0.521,0.5232,0
ZARCYP,11-Jan-2018,0.0394,0.0395,0.039,0.0392,0
ZARDKK,11-Jan-2018,0.5007,0.5021,0.4959,0.4987,0
ZAREUR,11-Jan-2018,0.0672,0.0674,0.0666,0.067,0
ZARGBP,11-Jan-2018,0.0595,0.0597,0.0592,0.0596,0
ZARHKD,11-Jan-2018,0.6288,0.6324,0.6257,0.6318,0
ZARIDR,11-Jan-2018,1069.5,1082.1,1052.3,1058.3,0
ZARINR,11-Jan-2018,5.1277,5.1426,5.0961,5.1398,0
ZARJPY,11-Jan-2018,8.958,8.999,8.818,8.984,0
ZARKES,11-Jan-2018,8.163,8.19,8.138,8.19,0
ZARKRW,11-Jan-2018,85.9654,86.2235,85.3926,85.9613,0
ZARMUR,11-Jan-2018,2.6019,2.6078,2.5984,2.6074,0
ZARMXN,11-Jan-2018,1.5495,1.5605,1.5445,1.5501,0
ZARMYR,11-Jan-2018,0.32,0.32,0.32,0.32,0
ZARNOK,11-Jan-2018,0.6485,0.6492,0.6426,0.6458,0
ZARNZD,11-Jan-2018,0.1115,0.112,0.1107,0.1112,0
ZAROMR,11-Jan-2018,0.0309,0.0311,0.0308,0.0311,0
ZARPHP,11-Jan-2018,4.0579,4.0663,4.0243,4.0605,0
ZARPKR,11-Jan-2018,8.94,8.963,8.853,8.862,0
ZARPLN,11-Jan-2018,0.2807,0.2813,0.2777,0.2791,0
ZARSEK,11-Jan-2018,0.6584,0.6592,0.6521,0.6552,0
ZARSGD,11-Jan-2018,0.1072,0.1075,0.1066,0.1074,0
ZARTHB,11-Jan-2018,2.5806,2.5822,2.5645,2.5811,0
ZARTRY,11-Jan-2018,0.3052,0.3054,0.3029,0.3043,0
ZARTWD,11-Jan-2018,2.3226,2.3226,2.3072,2.3072,0
ZARUSD,11-Jan-2018,0.0803,0.0809,0.08,0.0807,0
